id,name,rank,fans,articles
21036,鈴科百合子,0.0006216733241659338,1752,579
68774,那谁Dg,0.00040162025798303814,1041,669
1648848,胯下,0.0004723811599076917,1499,243
25788,黎亦乔,0.0007556179750899918,2843,22
100618,清凉小桃,0.0002562301946106644,1196,44
514606,夏空の彼方,0.0004525555701332353,2295,3
168598,逍遥散人,0.005417646600645004,79118,158
392744,accelostorder,0.00035779390893529603,3267,16
63240,小猪打,0.0003041134645406924,1419,232
627440,叫我Ceci,0.0009484318975055769,1546,13
1858061,rikabaka,0.00025623019264406805,1151,8
644119,無音_ltlcwh,0.0002890346984262473,1052,72
386358,七海弥月,0.0003466605066633012,2671,96
186263,Erosion灬沉浮,0.0019832569860718445,2452,51
238289,luckAMV,0.001582299203840431,3170,234
7825,小葵,0.0005668705750935568,8396,45
198017,艾柔玛,0.0004224678018175238,1080,679
1605721,允星河Yoseya,0.00033330011605024144,2259,11
3092731,do335,0.0002970772646474767,1704,23
306805,小小☆精灵,0.0004007684867296564,2498,22
2294811,MadcatClan,0.00031247725065770046,2194,47
688622,银魂神威,0.00034207536180642505,1123,6
441882,一飞,0.0002633859131774417,1194,16
817187,zero月神,0.00033113673695011025,1283,124
700,胧鳞,0.0006740189806157916,1296,159
396212,半仙幸运E,0.0004164146319194515,3704,11
52522,露蒂丝,0.0012274583046242228,1381,15
363102,魇之翼,0.0002562301875641868,1497,45
643619,迟栗,0.0002738379515728626,1703,148
620955,POPOZY,0.00027395568768121014,1824,23
1643718,山下智博,0.0026252030084684764,26412,22
292208,宿命传说,0.000693038836903843,2190,267
883968,暴走漫画,0.004647835181637909,97480,54
228342,空耳YAYA,0.0006052667501607811,4264,76
1438981,暴走の龙猫,0.0003701551692769243,1981,10
124416,ここにいるよ,0.004067033215438247,5449,1154
28110,電紙騎士,0.0002562301875641868,2300,37
1078,ATM,0.0006357182739562653,1446,132
31129,叶落秋霜,0.0018150981715404143,3598,192
410262,存在感为零的人,0.0006695367793905295,2221,381
592002,真·菊苣,0.0006306053365969806,1409,376
5930,辰音奈奈,0.00033467652209306236,2114,27
567079,胖哒哒卜,0.0004466832557237147,1166,307
1348,西方良目仙人掌,0.004965513751924173,4626,1521
138252,Lu小鱼,0.0005774607571505368,6156,307
211043,海鸟在此,0.00035210587978923676,1194,26
856372,DonaldKong,0.00027291088628513037,1603,49
118167,舞切响子,0.0006981750834388672,5635,39
639108,指猫,0.0004062209112863904,2046,2086
618147,小然参上,0.00044557262839027025,1188,5
777175,喵叔叔Gj,0.00025623017349208775,2860,24
258352,那白岚,0.002723186781714234,10006,1040
16,荼荼丸,0.0024307206606437475,1999,2
131214,Animer,0.0002755215376021078,1350,420
216325,Samurai-,0.00031471434377929985,2017,40
374377,泪腺战士,0.03860203869453029,106880,69
3235406,我有一头小火车,0.00027386546210947003,1288,11
265601,洩矢·H·诹访子,0.0003083701505329895,3827,23
2417235,恶狼电台,0.00026538761552548915,1614,258
78270,敏敏,0.002766342427989357,2277,309
2530625,Iammysure,0.00037343040985627854,1144,3
3404595,卡布叻,0.0005333271044657477,8005,1
647192,撸撸茶,0.00026560061363998475,1028,16
132704,反犬TDog,0.0012605143675691684,21600,7
137409,Akaru_,0.001973380838898879,1829,11
22450,chiroro,0.0008283180951104422,1229,24
1792297,Miss排位日记,0.0004114649614199152,6976,34
515320,那一片淡蓝色,0.00025980057030351635,4136,61
271055,ttbt,0.00035725097361439346,1098,218
2132918,Rt·麟音,0.00027137542757320495,3761,4
53261,G线上的魔调,0.002284280440768736,1036,290
3506,车牌,0.0006133066022338689,1240,1170
2691287,林小巫,0.0004230753464550918,2882,13
917545,绅士向,0.00031136780741262363,4153,97
180022,坑爹吃货-Vivi,0.0008832491037229688,1497,13
108377,OSAMA,0.0003665759315097089,1097,47
512480,YUKIri,0.0017891766241143433,28432,38
764629,宇文不及格,0.0004297968701261586,3443,9
146436,寒☆雨,0.000292953980039113,1134,385
1327050,Azure冰梦,0.0002791155626915727,1172,31
185205,人渣阿茶,0.0003745662314599611,5454,60
19461,NINI猫,0.0005831476099430312,1786,101
599462,龍雪舞,0.004208447454646432,2749,33
81192,真鱼,0.002651179836243488,10187,1643
370561,蛟龙Tomy,0.00043775977778525354,4887,23
427559,进击的植物君,0.0004058337142348928,3255,6
170701,日進月步,0.00036025547465807074,1611,326
2507883,怪物盒子,0.0002922260688442831,6549,2
743480,最爱炸酱面,0.00036629704708435147,2957,46
679464,轻音体柔易推倒,0.00026090296182728983,2771,4
145716,罗兹,0.0025630718141305443,19962,215
7417,tsubasano,0.0011213381837786647,2100,35
567042,邮电28,0.00046564019675178665,3099,5
112664,莉娅,0.0005717665534788899,6516,68
98934,量产炮灰型龙套,0.000282105744295313,1852,5
35994,小透明BAKA,0.0013741192688399842,2460,549
16765,小太,0.0013182394182941915,2614,183
948,柴刀娘木木,0.0013120055642537442,1576,17
629307,蕾米哀木涕,0.00025623013124859465,1671,89
237992,突然走进二次元,0.0007192771615907351,1826,3
1337291,洛萱,0.0006112133901805351,1706,4
333580,南风SW,0.0005534449768415756,1084,13
1329210,操节有ilidilid,0.00025623013124859465,3339,22
2765617,狮子进餐,0.000304779119766989,2043,3
884172,Q少,0.0005605985191178163,1096,38
901072,飛田裕,0.0007535347732771273,19421,36
684169,茶理理理子,0.0010159670954338956,19403,6
207087,囧玫瑰,0.0007532301996095104,17106,36
186535,陌离/阿恋,0.0014892883838514255,3621,16
236477,悲伤的幻境,0.0005243426405864021,1515,9
1386850,Seasoul君,0.00031322857047740797,6550,29
22207,天衣無縫の亡霊,0.0007986052459810043,3607,560
76906,消逝的冷月光年,0.0002792634631686873,1258,27
7329,にまび,0.00126687955893321,2291,27
72960,佐仓•M•沙耶加,0.0004303529804525857,3946,146
633544,魂淡蓝调,0.00037718617910559185,1274,14
21666,暴躁的蘑菇汤,0.0014699497069346412,11247,136
16988,Pain,0.00035794658483542455,3707,1006
895617,CME6大神犬,0.00028092452432021647,11292,363
1114947,HolyFool,0.0010174240779675216,4993,48
353340,AC娘的香蕉,0.00025623011483346883,1138,98
652315,〈一方通行〉,0.00044834324609993733,2307,4
3401,szrxs,0.000506149305783121,3241,93
910047,蓬莱の半玄月,0.0002562301130178327,1364,3
4160775,ELS·project,0.00025623011230680896,1024,5
92916,八月之桂AS,0.002359484673636348,1829,25
151066,喜欢拉面,0.00026555107825244575,2061,166
426662,老丁同志,0.000684717067806795,1061,62
770609,枫踏岚,0.0002841148987079214,2125,21
753437,sun_n,0.0002595212136434691,2143,22
33733,熊仔,0.00025623011159602336,1037,117
445453,狗修金萨玛,0.00042185006223521056,2631,405
2901630,新堂爱卖萌,0.0003046701483099522,1902,5
375235,独翼神龙,0.00033661103286666637,1548,13
113711,疾風醬,0.0005711393641113533,16120,125
240488,Maius酱,0.0007004785799711031,1708,5
1782572,Smosh中文速递,0.0003810636724565768,2159,109
143422,射我一脸,0.0005000044208467584,2527,39
2734646,View,0.0007663959347032668,1656,10
365031,上蒸小笼包,0.0002562301054505725,1686,42
229893,mikeztm,0.0006199384909807904,22883,66
294047,纪念,0.003134893681293996,9072,57
275085,wispering4u,0.0003801733250515703,4808,12
218084,鱼翅旺馒,0.0003044392611091929,1488,1739
649979,NancyWu境,0.0003295221441540215,4178,54
31685,死魂蝶,0.0014666604807999468,2147,396
65061,meiling,0.0010570052881183037,1536,357
215210,瑷珥,0.0011265232665483781,3922,39
445931,mlsao_SF,0.0005480304171529058,2439,64
440805,齾纛爨麤龘彠齉,0.00028370614325906124,2348,290
927687,折腾5号,0.0006872079670038927,8020,59
1748373,某科学的cc君,0.0003096039078749926,1165,2
1978,超监督乌鸦,0.0009036617377551335,2885,124
732364,腾讯动漫,0.0009233032857335706,38049,237
421190,GuDong,0.0006085117965844324,14455,1931
102402,克苏恩触手,0.00028167392397771115,2025,138
10255,三硝基甲苯,0.0005273898625651665,7396,29
437309,viya,0.0003210973340568921,1267,23
26815,板砖,0.0003909816403478391,2535,281
1495294,真言术孕,0.00033764215688799443,4891,16
886671,KXDDR,0.0005119175853699061,1868,19
2233243,BilibiliMAD大赛,0.00031041609996545415,1961,81
2120164,小西alice,0.00025623009579434834,1632,45
88153,mafiaflys,0.0010748147318645795,1720,138
452153,奥夫,0.0002946279602246891,8084,21
138142,御坂1OO86,0.0006820242524663207,19551,106
176934,オルゴール,0.001939914727237917,1158,28
155616,西国之海妖,0.0007767594192118499,16597,44
3589472,光学核心,0.0006205233098191774,1069,1
533392,M子子子子子子子,0.0003374420132725303,1051,38
2,碧诗,0.006060361532911105,26628,36
97,投影消逝中,0.00201512586086213,3485,551
2123683,Nova九筒,0.0006886201982718511,14643,45
3766866,科技美学,0.00041059823823686695,3178,5
325692,南和叶,0.0008302016161556537,11873,18
3004343,永远的长安,0.00044005785522412057,1301,57
521444,西四硬汉已弃疗,0.0005718277596249351,5653,11
118565,Simmonsn,0.0002978034122517653,1622,140
188294,YGY,0.0002908129251501889,1373,12
2760437,514235968,0.00026582720043598416,1008,1
145047,东非大裂谷,0.0009328721368452034,5787,24
15810,Mr.Quin,0.0011857549980501805,5973,57
196330,FREEDOM54,0.0003116492714222879,2387,110
94955,shiho,0.00036036135282856586,2594,334
38563,战场の女武神,0.0003888044670611391,4147,38
826317,野草凌云,0.0005032291981913323,9532,188
768041,CJ木,0.00047224190328749936,1986,1771
56613,妖刀罪歌,0.0028994863214877663,7132,1209
387549,南家小唯,0.0004128474990771376,7536,65
151892,猫狐狸kk,0.0003340503776552102,1856,43
89357,时空游客,0.0010929465216009738,1588,19
61709,黑白双瞳,0.0004221263706511554,1487,306
Su,Paul,0.0002562300849604589,4716,29
3307964,Ksssssss陈彬,0.0007565286669759246,2424,13
192829,清风之恋,0.00036422104273459654,1950,15
353655,⑨⑨酱,0.0013787297866912395,5041,24
225768,kikou,0.001067269867745906,2202,320
549222,小熊纯一郎,0.00047302248846468073,1450,25
64459,arios,0.0009390112024300756,3204,85
119418,赤九玖,0.0022119750702244995,6771,32
526533,兰豆子,0.0007172463665489012,1742,345
201881,20阿噜,0.0007477280118034424,2109,13
145559,Kumiko梓,0.00026187429343698385,1423,10
860533,草泥马之光,0.00025623007994262194,1441,40
313861,封圣剑客,0.0004179510447333757,2691,317
461632,海岸线动画,0.0011258269066371652,24346,8
510196,sleepwalking,0.0004420670017716284,1163,7
337006,五色石南叶,0.0007252916859751968,11649,45
8756,景景,0.0006101602557796226,1425,36
364316,桜喵,0.0013246421970095127,2149,25
350235,小一二P,0.001041133511904035,1546,12
13046,少年Pi,0.0013796976422470123,44279,53
2057137,i-DoMain,0.0002869257433681215,1025,3
3351,林大B,0.0015088575357062469,1001,19
3848573,蟹肉小圆子,0.0003714891776560046,1102,4
1890082,以天为名的NANA,0.000385806415186362,2511,9
111254,杉田朗,0.0011360432833824106,1293,32
323856,芷昔momo,0.00027777379277351126,2066,4
834635,黑玛瑙,0.000260902891468328,1311,13
304285,Flexin（発光p）,0.000781718074804645,3262,36
201434,括号君,0.0024523430183594377,53233,29
221607,浅见莉莉斯,0.0003029287376244283,1253,26
273898,软木,0.0005334182409773408,6575,41
7454,Usa225,0.00031365550800371074,3471,33
168694,Sonic君,0.0002987937955410573,1113,1595
748728,三查口十,0.00041318859831418074,1079,162
131225,三辰音MAD学会,0.0005717005604900427,1297,20
2548989,想不到5,0.002208803455789675,1099,69
643576,三味社,0.0007006513065193187,1614,22
61112,黑桃Q,0.00035361539107377313,21405,68
1267341,天然纯种受,0.0007333749641136897,1092,100
1978511,久任,0.0005529400195443118,3011,4
274557,讲谈社,0.00036519560432596553,1841,223
532464,无音乐社,0.00027860748331155793,1013,24
2990645,懒惰老外,0.0003205173649252477,5800,2
107959,哈露ちゃん,0.000957754984421186,2805,25
89633,芽米,0.0007430190930068885,1222,27
15094,fumo,0.0003983814730474792,2197,890
1688405,気晴らしする,0.0004900993122692193,1716,10
1852217,歌留,0.00045175606720800846,5543,8
60911,とあるAzige,0.0009338135844917824,1262,64
356004,随便点进来就注册了,0.0003219477703769163,1364,50
627770,三观以毁,0.0002988100735302437,1920,55
1665726,爱新觉罗腾飞,0.0002562300340526171,1065,37
1327059,abu实况搬运组,0.001480477812038021,2857,54
142774,逸逍遥,0.00030858063714646333,3076,151
227534,天罡水扇,0.00033424959190524634,2663,151
440040,盗版非卖品,0.000316747832561045,1565,32
634131,肥皂菌丨珉珉的猫咪丨,0.0004240313134688304,3801,13
530901,零度のtear,0.00034740807404426974,2417,5
196273,下限酱,0.0013283856266989064,23410,19
1746341,饺紫猫,0.0003623909292781103,1598,57
320170,土豪渣,0.0003374043522258734,1879,235
919244,皮诺Pino曹,0.0008044890466693465,3066,29
409356,时浅0w0,0.0004720619065297168,1810,45
531525,泽拉图道长,0.00041724161181417435,1340,82
918127,meinvm3,0.000267833209914667,5508,14
71106,⑨命猫Yukirei,0.00037727272709338924,1350,30
112428,阿良良木健,0.0013530484305462785,15495,41
96156,Angeliamadoka,0.0009620002544930449,6220,228
19653,小清水亜美,0.002181173511692533,35942,14000
322892,痒菊长,0.00152631711097607,13258,66
434039,新日,0.0003243476316865661,1863,355
67803,oneways,0.001363634230892518,1445,7
520116,枫叶逝去,0.0003512743794225858,1937,51
193470,紗由由,0.00028049177744735173,1018,11
629,真红の瞳,0.001313442693388078,1142,111
2276820,FoodForFun,0.0008570705349982218,10175,110
1740548,小伞一把,0.0011531717280675606,2900,68
3290819,汤美☆宝莉,0.0006654443219710146,1258,8
163615,水煮螃蟹,0.0011909891060106165,1801,88
259333,矮乐多Aliga,0.0005123261220191817,1912,4
23791,恋上☆飞雪,0.0008474210524600275,3113,40
36352,小香香,0.001041039467891246,3171,1081
159,黄泉之水,0.0015774378859070742,10191,83
100302,Evalia,0.001261048859373392,4562,12
298725,aaron11,0.0011937613567372535,3041,31
179628,天音かりん,0.0029660637724557323,4848,587
703432,爱的学长六道二落,0.0004563570432146837,6807,99
882467,Ddickky,0.0004245764811495735,1161,12
2100825,柚小悶,0.0006137546211469405,5795,2147
1470554,冰瞳魔羽,0.00043718666864808677,1322,169
608,晚香玉,0.001515359749922911,14414,53
446483,头顶小胖次,0.000906277709986044,1688,9
686500,好大一张大饼,0.0006171326032106491,3648,358
735979,D台长地毯菌,0.0002784010438138258,1123,65
130209,奶茶姬,0.0005861138635010155,1787,72
911668,奥田紅茶子,0.0005933906141950133,1428,13
116494,萌え娘,0.00042476155865942293,1121,265
236260,纸杯君,0.0027652762622805203,21006,78
3065998,Alive绅士同盟,0.0004967111760378563,1485,11
121571,magic0813,0.00033902328826311155,7818,60
3262462,吉阿婆,0.0004686337593126804,3207,12
18670,冰封的羲和,0.001121888134714048,1613,617
190832,KwaiMay,0.0014885040053546914,5123,14
45750,可子壳子,0.002310083846345093,1849,36
21238,洛拉斯之刺,0.00035142328072915256,1511,147
72826,万年置き傘,0.0019654051286264835,4852,338
2874364,风流先森,0.0002893575182270975,1110,41
884766,komaeda°,0.00029527455116989916,1239,191
1732133,一条肉链,0.00027250463063003335,1228,4
256157,小帅喵,0.0012349192128555074,33600,118
744755,晒骆驼,0.0002562299709072663,1037,4
884798,蓝天上的流云,0.0004077800998229564,2540,307
123484,guanyuhan426,0.00027243599515809353,1640,2
339899,Soulatomy,0.0004127321571774236,1031,6
403163,胖是天生的,0.0002621163373930281,1903,16
26587,温心魔女博丽幽梦,0.00035915353877034916,1997,253
3167303,维以不永伤的六义居,0.0002885718541525742,1667,2
101758,身材娇小爆乳娘,0.00031689939797327813,3678,70
256763,穿胖次的狐狸,0.001183490544015928,25239,401
234782,祈Inory,0.0034068541593238345,46216,50
829424,仲仲菌,0.0005216697799735856,7004,213
56510,风のららら,0.0010670935929185743,1602,14
175631,川岛薄荷,0.00033742798503649997,4815,426
278531,最後通行,0.00038953903341025855,1342,46
59982,阿斗不在,0.0002682654884752247,1932,344
646415,小伍来读心咯,0.00042041443575283576,2418,16
423895,怕上火暴王老菊,0.0015613563955440184,44458,45
34731,★开心熊猫★,0.0008792819867773977,1942,49
137952,依然小智,0.0014689761094887504,49519,19
119978,SY君,0.00030165196533070974,1624,199
433351,EdmundDZhang,0.0034812040670038537,55571,26
270836,高能君,0.0002859232480202458,1884,16
180921,韦布丁,0.00036658154348065197,1725,18
194942,玄墨,0.0006671370101332472,5992,270
697828,煊煊,0.00032722286075275933,1684,353
60058,lzghome,0.0005367461565701304,5756,511
686127,籽岷,0.0004583459544587119,14351,522
359136,沙加Sama,0.0004458945488742171,1619,40
2113809,猫耳萌男,0.00032538104555617496,1414,73
829501,艾露莎舒卡勒托,0.0002562299416297897,2121,24
877013,唯笑控,0.0002562299416297897,1005,12
66508,Kriefare,0.0002698972480560234,1636,85
2824322,杯具的画师,0.00030542071901791984,1768,2
606229,阿卡狸Ahkari,0.0020692736193941882,5852,14
345522,缄默的情人,0.00027560094037161524,1589,12
2473985,LVM,0.0002562299401099796,3009,264
1776602,舛舛,0.00029310475649251455,3887,19
405170,☆来来子,0.0006778850995512048,6301,10
43536,黑桐谷歌,0.008480114881410396,105868,530
927137,悠々閑々,0.0014437710835321163,1273,68
486931,古川竹,0.00040995256966556753,1219,11
1531935,MAD⑨课,0.000382384398089503,3153,13
381738,M.Scarlet,0.001991433865765208,29452,12263
814234,『鎖·国』DAYS,0.0008140785622645176,2075,6
1577804,某幻君,0.0005635792042482359,2038,41
293995,愛メ錯ヅ℡,0.00029165711790377297,1657,225
436910,harefay,0.002205058637453076,2904,23
739077,珠峰喵,0.0011603112355789216,6209,83
748927,小丑的跳梁小丑,0.00027291064721495753,3093,15
614801,神游八方,0.00025622993887049916,2247,31
324771,我是笨蛋么,0.0002668912506587542,1114,56
274541,杨小波,0.0005794067380617196,2103,62
58480,ThEmbrace,0.0002945927791562321,2135,15
337219,锁链呀,0.0022788917639559544,12671,22
271126,cikurin,0.001807261768144801,2569,32
1555738,南舜君,0.000306382640061023,2064,14
419139,七灵石,0.00032091574738359914,1043,4
7105,林汤圆,0.002255883956418906,5535,76
72603,昵称越起越糟糕,0.0003160774586305097,1538,411
269470,鳳凰院凶魔,0.0006576922158622228,1094,135
2634,飞剑,0.00401273181786198,3138,121
843775,塔矢蘭_RAN,0.00047538358647490533,1540,13
460693,夏目银,0.0003958791834126577,1040,239
64845,G♂N,0.0003122683341539382,1426,195
35174,bear2,0.00025622993174915197,1539,9
449783,BI柚子柚子,0.0002562299310988332,1441,17
545629,无名社,0.0002562299310988332,1014,33
334793,茕茕(up主≠作者),0.0005688383119555039,2348,143
885813,黑礼帽,0.0005137013434682712,2247,44
16756,shinken4503,0.0004700878067521137,1149,1050
62093,水曜日_玖桑,0.001989049051039636,9454,23
1951038,哦漏QAQ,0.0005508146351724266,8109,13
578612,流黄荷包蛋,0.00046227440137255546,1394,9
387197,幻境,0.0006772010695015539,2052,292
479426,Nuuu,0.0010932978121714915,1410,8
397580,大作之月,0.0004650250337230854,5312,26
1390087,FUCK♂YOU香,0.0002709763950035865,2669,107
737647,盖盖Nyan233,0.0012488387320532196,3711,22
436256,A_Ikari,0.0008261193228420005,1129,24
104943,香菜谠,0.0008367895317516722,1709,9
2268,咔叽哒,0.0005605583895616681,1495,315
3045312,lll条形码lll,0.0003363705580570357,2626,39
40552,黑暗的小白,0.00025622992890093725,1260,50
11681,DOLL,0.0012683360434825046,1776,38
213558,魔魔丸,0.0010982862932788573,13849,53
614735,有妖气动漫,0.001771209210978056,50335,101
2306780,BiliBili-Macro-Link,0.0016430440352308636,2639,3
320838,尼禄·克劳狄乌丝,0.0013479901027935502,2800,933
47952,馬鹿人生,0.0006752931280386102,8672,999
528476,Umika,0.0056690548133237,9568,5
172317,伈小枫,0.0006672359280225601,1254,33
617709,新建君,0.0007613821874969291,12137,17
614261,清瘦胧月,0.00030599377823885894,2319,141
7872,岚aya,0.004552085282343243,6758,14
673816,谜之声,0.03522560467497363,50033,107
61886,SuperBrother,0.0015018590672294867,1344,303
748709,Chimera君,0.0037683189704571726,117866,87
7419,黑岩·镜,0.0007263128942765788,1054,75
18271,八月旧雨,0.00042197154039026166,2095,21
135412,pangyarbo,0.0004477112185778798,5391,16
1379249,概念の天使,0.0002981249613927309,2360,7
136093,四叶草与小黑,0.0019861879749032414,5986,39
227787,芬凰院凶达,0.0004926249963198214,10705,95
334721,尸斩仙雷,0.00046071827826346494,3244,1
30992,巴里·艾伦,0.0019032687200484615,3674,265
19523,三千白狐,0.0013426652386337714,5763,32
1275277,您的好友節操君已下線,0.00025622988785216144,2010,137
382346,君情复何似,0.00027594146108136334,3312,58
277434,声优界第一美腿,0.000419544270916033,4269,484
52465,Shiki酱゛,0.0008557445429048366,7386,358
431116,独角兽SAMA,0.00026710908640138943,1209,24
313485,玛莎烈啤酒,0.0017813276243378929,6069,31
523234,ZeldaXLink,0.0002562298865136452,1312,25
452492,LockTimeS,0.0003713477778758806,1394,16
65413,弹幕娘,0.00031796648252715434,1101,6
217040,巨大的腿毛,0.001152547222897801,2283,830
244069,叁仟宫丿魔王,0.0011543951666649847,20502,31
3417742,菊花笑典,0.00027421050550225203,1782,4
250890,阿利亚の尘,0.0003706311372821926,1269,18
197098,菠萝赛东°,0.0011830427848313523,10658,17
13490,月雷魔CZT,0.0021097814750602258,2207,27
2188438,安蕾丝丝,0.0010970009344449382,17265,4
111010,前原K1,0.001586121043542034,2947,27
443458,乱喵,0.00028274450795684643,1582,99
324879,CRAZY262,0.0025532640741441188,25931,226
175404,Z.Y.L,0.0023061231027711195,1870,9
311888,兄贵大乱斗V1.0,0.0010063323696715759,1629,76
766770,夏洛洛特西草味,0.0006042037146464473,1268,8
5681,DCZLD,0.0022665721978022174,12201,160
3798234,鱼洞骑自行车的,0.0003851327386955517,1917,14
7349,屎蛋来的,0.0009610070416550392,16802,17
95417,晨晨尧,0.0006533330877773912,1184,50
1270530,卖萌的由乃酱,0.0005476648818765219,1002,14
116659,世界の敌,0.0012784457777417775,2870,295
1986755,青荔Vinie,0.00025622986483218456,1248,12
31894,螃蟹,0.0003599083992107873,1322,172
1328141,发癫的四叶草,0.0006788350845061052,4008,9
216025,尕丶天堂,0.0006602931798138476,36242,57
179754,月下之恶魔,0.00031773923850456233,1582,591
300795,夏夜·月下蝶,0.0003920722176686763,2903,131
193441,鸟爷ToriSama,0.0007149064093833365,2908,22
678257,饭伊典,0.00027543082849806275,2988,4
109010,情瘦布儒,0.00048137552955722265,2369,60
16758,花之祭P,0.00109099262532089,6231,16
16450,神威鬼鸣,0.0023405037941189154,33041,104
88590,天野雪輝,0.000286984755872092,2834,3153
226042,iddqd,0.0003481059324275795,2030,163
753668,Ghost小鬼白,0.0004356943712979643,1642,9
228147,OQQ君,0.00043664451092870443,4595,36
298674,Aru,0.001179224202031849,1117,13
97126,桜ミク,0.0004670400345633624,3573,84
10600,枫2,0.0011737497870966786,1217,36
130814,沐西西凉,0.00046697338271608016,2209,9
3476650,EriC蚊子,0.0002728415098994469,2824,36
175098,茜色滿月,0.0013683900571958686,2600,11
629136,passの伤痕,0.0002598002839661207,5009,105
685639,熊吉吉吉吉吉,0.0005290724438246995,14331,38
843,fontaine,0.001056172915115748,4160,832
75236,光凉日暖,0.0006021245831015963,1329,63
60594,福利最讨厌了,0.00045776421204626254,2144,20
101030,世界的正确用法,0.00026900492365158793,1141,29
223803,殘酷的現實,0.00025622985951101343,1102,42
296515,蘭陵笑笑生,0.0003159989189230534,2081,37
2304046,66loveslife,0.0016082057774772303,12637,21
391679,A路人,0.002414543119098901,19096,49
184994,恋之八卦炉,0.0008641584571996527,1385,229
772717,都灵,0.00025622985888488646,2131,5
2966301,萌萌代,0.0002634547119821929,2322,17
600293,翼国游者,0.0002821994141995979,2405,41
210896,温柔帅气三笠酱,0.0002918998436168384,3530,25
113524,腐靡之灾,0.0006355265966057701,6535,2317
865267,真·凤舞九天,0.00026651733716204933,1485,4
631917,桥西,0.0011600262000864318,1602,10
161972,无节操の节操君,0.000320221281511647,1025,26
2250815,胜负师UCG,0.0010180861832454864,3220,61
112359,地狱大元帅,0.0005449777572116929,11087,29
11073,hanser,0.004721620000384095,31426,57
1385986,绯想的长女大人,0.0004832904344002451,1029,37
301631,欣の迷失,0.000612418578178522,3933,11
294885,shinknight,0.000271922898165735,1357,5
348396,帽子菌,0.00026761029571808397,2610,15
89595,声动音缘-叮当,0.0016563274349313383,1917,63
397435,马里K,0.00033791711153872614,1615,13
2543295,Shepherd小牧,0.0006908781603597918,1068,89
384322,L之影,0.000256229850381281,1088,104
359442,那个夏天bili,0.00029348115426570433,1031,14
827921,洞爷湖不是湖,0.000370614550384006,1664,121
778163,DarkfulS,0.0012914809379027798,7457,51
342511,世界の終わり,0.0004519145208359758,1267,524
8327,冷泉夜月,0.0013383325486180345,6580,34
51111,小透明洞洞,0.0003026757319183255,1243,90
305252,菊花为何那样红,0.0003341942123526082,5193,14
368412,牛芒,0.000301602426071514,1853,197
1563476,白昼星,0.00031898042223722713,1134,264
329456,肚腩酱爆排骨焖猪蹄,0.00028876887311392394,1097,12
5632,亚月,0.0025415283712172903,6965,37
207893,蛋君Tamago,0.0002904664645205984,2235,26
4776,床单姬,0.0003412821554052935,2853,21
391445,天草丶喵丶酱,0.00031741178837587795,1037,5
376194,华尔裘蕾,0.001193229545391341,1529,699
280668,UKUS一条翔,0.00030758141303338985,1484,443
3341,苏维埃废铁,0.0005193880813470685,1371,138
312381,打牌的初音,0.0012572088523781727,3068,34
70432,bilibili伯,0.0007335077598393934,7116,243
292445,爽爽子,0.002075001933612133,7001,12
696786,八城伊理寿,0.00025622984267839735,1123,92
195041,此生不灭夜,0.0008681904316600865,5921,81
263656,紧那罗之歌,0.00029868212282052267,4767,30
563557,chidey,0.0002653872688555061,1299,337
330676,庄生晓梦Void,0.0002895143333426508,1781,90
351007,杂菌,0.0009921082498037504,7974,45
78427,绫濑舞,0.000265304650510007,1283,87
1299889,純潔的鬼畜姬,0.00047355788936782927,1172,30
678596,ininn,0.0005351057466162837,1029,15
319291,肥魚,0.002229110347401224,15989,17
636070,AlexYu,0.00030214316772606437,1887,31
247710,番薯君,0.0005772246141932075,1533,10
1322259,暮色TOP,0.0005380570811957369,1249,5
569919,小溪喵喵,0.0004103738789532545,1643,2
93066,N.ec鱼丸,0.006192332576351953,29246,10
327106,薄纱魔导研究所,0.0006769804328260068,2808,87
7714,女孩为何穿短裙,0.002122522137013317,5028,4
166891,CHS.,0.00037641319676743435,1750,1870
3295,新月冰冰,0.0011207247302370928,8830,71
644202,高数挂肯,0.0003610585062882954,1187,24
140108,清水湾大酒店,0.0005633441679669319,1070,38
1433840,vivian198808,0.0020875407348110732,2465,27
112979,鸠羽舞衣,0.00037607367462651783,1038,5
704,Sephiroth,0.0010588832770150702,4223,105
109564,战场原妖精,0.0013380327551984956,1243,22
681890,幻世夜魔,0.000681747601143858,1166,52
15312,撸伤了的巡音姐姐,0.0010891706789369676,2293,37
138892,V.R.,0.001878904603094652,5121,108
131458,蜃景,0.0004970707050617816,2320,461
915302,捐血武神,0.000303381173935105,2903,4
653318,茉了个莉,0.0008419312694007265,1787,26
132676,K·H·Aria,0.0005055114526012947,2858,60
284424,小熊绅士,0.0004723816886704166,18778,37
8839,TSA,0.002238844208900323,1431,821
63052,汐沨的頹靡,0.0003358908825750778,2427,34
2542453,乔秋秋,0.0002562298290421498,1179,11
831287,猪队友小Y,0.00025622982842622645,1316,3
11544,哈哈大大仙,0.00046661467042615997,1246,55
414581,燃点突破,0.0004073907102106029,1011,11
574438,Chokeslam,0.0008764372918332324,1318,29
120586,凯玟桑,0.0014622096491822571,18538,52
680417,17173游戏视频,0.001274246741316629,38381,140
393776,苦逼琪,0.00027192286622799533,1056,17
23417,cha研,0.0011143662443951186,1502,16
935052,SLXZ,0.00025622981223941783,1588,81
184753,精终报国螃太湿,0.0007523086420311104,2232,14
341076,莫非命,0.0009709992982154316,1665,32
194170,玄墨子,0.00027307573328185636,1027,25
2665020,温带气旋,0.000675405760750849,1700,16
149592,幻想乡的新月,0.00133177399419664,15751,1111
389088,KB呆又呆,0.0003624125543047166,5035,21
514411,Gintoki_JF,0.0005938555772800793,1570,8
500198,太平姬,0.001875910658445129,18801,8
588129,爱国爱党的Barry,0.00048748527531966893,7935,85
364776,寂寞の幼心,0.0004025314009405978,1852,52
70093,12dora,0.012560722799379094,83424,433
18232,H.K.君,0.006173150973452954,5771,18
425642,软软冰,0.0026335319816067826,22657,36
2148995,克苏恩の触手,0.0003382960764144656,2887,71
666987,SrRin_小帮,0.0005648198213485307,4621,15
224175,starjarod,0.0002651518904803798,1246,870
439326,yoyo好痴,0.0006330225636541495,1661,25
333981,討厭，不要,0.0002681999211335686,1058,12
610729,黑夜为猫,0.0013187480062671012,2081,161
62173,乌拉喵,0.0018252931512352038,5292,67
2686630,阿燐酱,0.004182731134563269,14541,234
515391,GreatKai,0.00026700119526722557,1049,58
99673,有咩酱,0.001791811833581538,4927,18
317774,多拉AV梦,0.0004328464041252108,1510,30
318904,转转神の婚纱,0.00031085140973016056,5946,181
369014,李仙森,0.0008864948860524024,9258,40
22453,溪谷子,0.00025622980913738325,2285,1273
130677,一般会社员白夜,0.0007258351759977086,1791,26
146912,菠蘿包hiroshi,0.0003123954829746977,2235,17
741010,小浣熊干脆面,0.00035119494664959176,1686,662
457328,藤田田田田田田君,0.00025622980913738325,1079,2
264899,伊坂真夜,0.0007254433262397916,1556,20
779665,妮谷丹,0.00111197058766668,6406,20
13373,astrol,0.00038048541383449213,2909,151
127623,皓月-moonqshine,0.0008651963863900904,7758,63
2258085,白卡纸ShiroHana,0.0003256309148207713,1054,56
40217,Ryu(邪道长),0.0011010748201089997,27318,40
467751,風薰哥哥,0.0003153506126502295,1100,62
387984,眼镜狂魔纯叶酱,0.00117870199690081,8159,70
44413,阎魔あい,0.0006329808733542526,1180,93
188758,紫君,0.0006672941301354256,6024,68
219925,起起,0.000637296647173995,1049,23
223902,空灵雨迹,0.0003200601511592915,2117,281
111362,晓月薄荷,0.001503062413367201,1293,16
157098,Waveday,0.0002817624470113199,1072,18
315974,小松奈奈,0.0005523562095903726,8308,10
133076,ビリくん,0.002083691945384185,14562,2200
752559,普罗米修马,0.0003564985151257486,1821,28
138055,ACGKOG,0.00027431033168194704,2170,6
2374023,散華酱,0.0004205288044038316,1501,5
402,泷arisa,0.0009589410278425749,1258,123
107376,☆玉玉子,0.0010832494887039416,1778,15
79,saber酱,0.003392287297270466,69767,830
384442,Myth·Athde,0.0008826867703127488,1143,13
207218,96猫＠141.2cm,0.0033797680899752113,12920,640
223850,Lellansin,0.0005214999032070883,1799,25
777964,奶茶☆,0.0011414852559539918,4269,102
883967,云雀Nic,0.0007574919661455218,1878,44
2976992,Alessa0,0.0010057255875035977,4986,22
875889,SF·CHIPAN,0.00028791640213598964,2314,36
351773,文学の囿子小姐,0.00037802217797388665,4224,573
62776,深籣,0.002027201663244497,2696,9
375242,润大爷,0.0005790202357293335,1199,109
28453,中国农业银行,0.0002690048375203158,1455,1050
89434,麦丽素很黑,0.0011576346642843149,4661,186
381932,HachiBaka,0.0004306386719348743,3680,4
184568,烤夜雀,0.002765864581095213,12857,695
312001,Tokyoタワー,0.0009518372188610319,1958,23
18018,夢想風靡,0.0009081878104116843,6689,186
40810,冰夜华,0.0004941051001117946,3286,36
206797,CCTV新科动漫,0.000987832577920988,17704,88
1590791,Ryu毛豆,0.0002867923918764648,2369,4
269558,pipi-萍萍,0.001409847032642572,7503,12
1396904,原结寒,0.0002595208754271871,1917,14
429519,野生教学君,0.0006380732789352947,6435,8
266313,bailin,0.0002782801984857219,1981,59
197,爱情上甘岭,0.000780826776850284,1109,1923
488118,帅比挖,0.0002766177713279703,1025,26
99224,主教,0.005140150899770879,1983,17
48468,御坂19209,0.0007007523639471072,2979,72
891124,零九零九,0.0032750836781667396,47760,57
80699,李佳楠,0.0003438985232977928,1595,19
16266,LilyScar,0.0006481094422611905,1233,18
635904,松江府人,0.0012081728927746563,4985,78
30160,長門有C,0.0006761169342581889,15604,80
398711,弘子,0.00035764882144913947,3833,129
182805,天然呆渣渣SAMA,0.0005958645713567227,3560,188
94803,等待呢歌,0.0006792329862613822,11311,1840
520453,Christina酱,0.00025622976847575137,1103,9
14283,白砂糖战士,0.00039633940963858315,1899,75
575338,玛达噢,0.00030634085761644,1803,25
628875,蓝森的世界,0.0002562297670798538,2292,18
441640,喵子姬Vivian,0.00026819977906518264,1203,21
703194,UP主ID已欠费,0.00032478769346324515,1302,7
35680,SoliDEyE,0.0012163903179174746,3740,78
610770,liar233,0.0006630577188812802,1620,5
172683,飞机君,0.00590639621735582,6955,61
35897,一字文,0.0008269891952202893,2853,1624
146339,裕剑流~,0.0003005861017415661,1890,41
892074,古剑奇谭系列,0.0003075283311131554,1562,10
78023,粤漫社三色堇,0.00033125559882800164,3742,61
1681163,勃勃是好人,0.00027566811059180163,1065,3
458203,Aris.,0.00031802038074336963,2641,15
7119,Gnoliyil,0.0005652976832606051,1223,18
846914,矮死喵,0.0004719701374853552,1027,6
33696,Lov,0.001344139673007977,7472,76
190432,SD東亜重工,0.0007771644802578246,1509,295
690709,后天星期六,0.00025622976332528055,1200,81
259644,默默蘑菇菌,0.0014944966889327334,8463,21
889552,春日野外悠远的苍穹,0.0006482189974757089,4072,28
65163,Black★Rock.Shooter,0.0013907443983887198,5737,200
27961,吉鲁,0.000689899435269184,2840,104
293214,亦灵轩,0.00042489109996826614,4988,121
617269,王朝,0.000800524710060848,7343,12
244842,残月碎春风,0.0007495339319666319,9559,114
19177,施主您菊花松了,0.0009924059982289013,9365,838
51766,茶几君、,0.001287141048420301,8424,27
82882,蘑菇燃,0.0002949038914526162,1397,135
111559,BIBIA,0.00041113000873885795,4839,11
121964,无铁炮,0.0003768644401739532,3421,215
927587,木鱼水心,0.0021962577142647993,22662,43
681189,Mr.Handagote,0.0004541310825053439,7202,118
506797,此号已被城管回收,0.00028558958005146025,1226,6
377098,艾米酱,0.0005346094855927082,1041,48
1541805,砒霜卿,0.0004808977977566746,1176,7
672313,微末游音,0.00025622975270604665,1342,6
354566,利昂·艾尔托沙,0.00048756034554999254,2560,79
317922,祀舞。,0.0030954343401887506,3978,35
23219,Katsura,0.00040112191178928063,1203,81
680447,马里奥红叔,0.0003957375292100654,6492,233
294897,牙龈子w,0.0007925107471740525,1288,12
602339,潮鸣汐奏,0.0003671710949130953,1888,10
595956,雨泪飘零,0.00037536210237220367,1884,4
5055,小缘,0.0022313348693804693,55335,103
213741,ganeid,0.0006848396512096289,8268,19
650537,波导终结者,0.00025622975158805553,1642,332
143172,Aumi,0.011773866917522085,24759,39
472346,GhostFinal,0.0014519945589098308,1360,14
427432,火鸟台风,0.0005324100427391139,8488,588
565389,诗小轩,0.0002951457776355597,1326,37
290275,隙间の妖怪,0.000616436365899193,4782,42
488736,entei08,0.0006129022961624466,4702,34
383935,兵車行lv99999,0.00035429858388522393,2122,14
10698,坏掉的开关,0.001621925444073048,12788,69
245050,blackfox,0.0003247236196622897,2692,244
742159,曹尔曹,0.00037058785174210444,1003,9
7237,冥月の翼,0.0004485299236949593,1176,20
116683,=咬人猫=,0.004077222826182538,31397,31
554064,瞳扇舞袖,0.0003181498046040743,1016,13
47347,世纪末强者老虚,0.0002735821535912444,1135,8
242511,昭和十三年,0.00028990355090722066,1543,32
261036,ikamusume酱,0.00026344206606035805,1790,53
664631,金闪闪のInori,0.00029977478164608547,1591,28
294227,千枼草_阑小逝,0.0007223488950249882,1308,4
348318,nuru,0.00045069296769342825,6636,63
768741,南云霞丶,0.0004241857037497295,1703,9
627533,閑,0.0002974985725513547,3117,81
210291,蚀血之暗,0.0006985757012044962,6846,9
159881,昵称好难取,0.0002681997573599649,1475,7
10570,博黑,0.0005389930655484845,2001,8
109,hank,0.0010670002118041727,18170,46
341368,JUSF,0.001124962727785554,19429,53
14821,荡漾的羽衣,0.0005620989391703307,1974,61
215276,zelphar,0.00042538063252313104,1092,16
93503,TG奇妙魔术师,0.0004629429359704611,1107,566
395,温迪妮,0.0007572484329545384,12241,398
1492811,米酒酱,0.0014968352043757051,4253,28
1113860,NancyL,0.00025977181535195924,1639,13
1435273,啪啪秀,0.0002621469960431485,4446,14
330217,⑦海〃游神,0.0005773742912805563,2371,11
421721,虾酱_t,0.0004329971225170531,3221,252
455841,离别~~笔记,0.0003373938861447365,1074,16
461960,绝望是梦想的初章,0.000862425508732893,2220,425
328513,EpicWork史诗工坊,0.00026070034810713036,3167,12
690883,世界第一痴汉,0.0012436844033970826,3583,60
320212,feivyx,0.0008290752330638848,1748,32
286169,克雷威尔,0.001353497697252263,1273,82
584133,村上吹树,0.0002891653291769028,3247,61
375375,伊丽莎白鼠,0.001297119355318629,14830,33
260987,RandF,0.00044597848488718117,1307,38
168815,阿乙,0.0003631354183981254,1904,11
310726,@i-fox,0.002117222698101394,8688,36
808171,吃素的狮子,0.001420278227510812,16594,48
101186,木下菌,0.0003642069648662021,4632,250
359011,者,0.00037887638030215196,1112,25
78859,鸣子兔,0.0032160860050745427,1856,19
61378,谢拉卡姗娜,0.00041366507341483564,5205,10
1316585,笑熬浆糊741,0.00028357471478875713,3482,177
452279,汉堡肉,0.0006504892577222299,1269,165
924334,銀他媽,0.00029411548139386066,1056,315
1492,Q-kun,0.004371090200479016,54307,163
240878,Tsuki_神夜,0.0005987509491371763,1296,4
829381,yoyo幫尼,0.0009615898205565374,4722,83
11167,平安夜的噩梦,0.008792115379998296,11018,30
266136,彩虹台台长,0.00032958792251838384,1155,35
1328260,哔哩哔哩游戏中心,0.0006576404349527156,2398,4
1351816,工藤梦樱,0.0002719227739357053,1387,13
598360,重金属,0.00029740626736181813,2431,18
12994,旭日之记忆,0.0004978106157204853,1086,173
947124,Mc丶节操君,0.001014206259127814,6280,6
172169,凤梨顶个鸟用,0.0002743793415768643,1168,6
57621,喵☆喵,0.000264932517946963,1474,50
210752,真栗,0.0009463824955774141,1261,101
154413,灯笼QB,0.0004907952957454444,2874,66
49443,⑨搬运君,0.0005490247480949279,3700,301
1939319,科学超电磁炮z,0.0002562297199852207,3078,22
680416,回放娘,0.0008470156034062562,3595,17
122886,MGRT音花雪月,0.0008169348009222781,12940,89
2285420,霧亥,0.0003434454862286766,4646,61
602496,兰梓,0.0008632898287018307,5521,23
907485,ミる麋鹿酱,0.0002562297158115583,2514,431
172356,不科学的哲学家♂,0.0006242593950845896,1472,41
1823239,冷月邪华,0.0002562297158115583,1209,6
13266,烟逝残枫,0.0002681997277968872,1431,27
580905,汐渚之岸,0.0020594825864549754,1588,12
570395,路人甲at提不起劲,0.000347634879358735,7022,7
115258,【存在抹消】,0.000662141544357043,5027,914
600646,贼飞,0.00031262054058939036,2844,216
186890,面瘫九,0.0002870077970376299,1772,37
2385744,九条可怜,0.00045204043965497173,1773,47
515993,枪弹轨迹,0.0006992699067647651,3001,26
149853,-KT-,0.0004404807821071082,2277,23
7239,MOKONA010,0.0010412571065291755,1172,10
536507,舒浼♂沐担担,0.00037897584467569206,3982,68
270819,shengdr,0.0013263214972409668,9010,243
217809,ybmsisa,0.0003010521597381516,2183,1042
621614,白羽沉,0.0015895990180479526,6926,495
84670,加x藤,0.0005261722260163013,2730,36
16773,wearsky,0.0014714166760846075,9747,859
1320231,RaJor,0.0006489329576154076,3032,7
312907,银色之雷,0.00034794248836658655,7173,29
915548,烟小楼楼楼,0.0002562297102257365,1249,8
899993,当代柳下惠,0.0004994008814437473,1195,5
12610,土御门元春,0.0004141060533975747,2051,21
528288,艾德尔海德,0.0002796261953851261,1771,32
263114,彼女桑,0.0007621806018546767,1628,16
183410,XiaoLLK,0.0012363275731390878,2305,27
510054,西凉若若,0.000568785882698763,1250,47
659965,叮当丶小熊,0.00039433925711286817,1018,55
514497,无能,0.00033990101875962795,1135,2
157846,寂寞风尘,0.0005701560564095881,1390,6
375972,请叫我某J,0.0003695844813473688,3966,13
156489,口袋妖怪のGUMI酱,0.002103497557946992,12794,1895
2769587,☆SORA子,0.00040376821544715836,1762,12
236920,水箱,0.0005577629273254356,2347,83
936301,灬由歌,0.0003566126458406467,1948,21
1324413,牛牛蝎羯,0.0013363181511802402,42987,4225
56746,HiiRo飛,0.00028677127981212335,1191,59
303946,潘多哥斯拉,0.0003603281368352886,9268,28
308359,优花里,0.000836089848356364,4082,90
733461,棠雪儿,0.0005431593625529178,2604,340
291530,【星哥Star】,0.0002562296965281454,1126,55
313392,潜移默化♀浅姨磨花,0.0008207762577314135,3602,20
351067,作业大战御酱,0.0009930302010535623,9837,48
56433,励志丸,0.0002715155153318832,1046,116
236192,七月雨季,0.0004088051195396843,1760,81
488611,炮灰V5,0.0005205726828124747,1011,94
36817,小刀妹抖最喜欢了~,0.00027251007614404474,1180,96
212230,八尾妖鸡,0.0013541873289395245,10098,706
628178,池一绛,0.0002562296958623961,1170,24
193209,siduri,0.00034557342829711853,1659,28
925,911,0.001524417831578817,2024,1153
2826482,青SAKANA,0.0002736919060273206,2338,4
729769,疾风young,0.0003144022322560712,3363,29
751477,三块五毛,0.0009894269352909715,1760,87
159653,吾不禁英俊地笑了起来,0.0012333927260988649,3943,53
248102,野生喵呜菌♂,0.00037443669309243107,1342,45
2884629,oeasy,0.0013294319096200365,17009,23
348489,雪印月痕,0.000699398866968366,1163,9
143328,VOCALOID,0.00039761692405076933,6226,321
2213671,辣子叶片,0.0002919854587985087,6530,12
184968,晓美の焰,0.001250731928413184,2789,37
210798,Satori旅人,0.0011739054358615192,3666,226
535637,幻想乡的鬼,0.00029880972423719173,1056,45
17707,yksoft1,0.0005515468660692542,1184,361
1960826,神UP降,0.00037882697449528044,1056,153
585267,纯黑神,0.0024978814543908574,103056,172
1949755,小萌才不天然,0.0005438752517476421,2603,15
358606,DELA,0.00033265935766778137,1249,11
189376,钻头蹭菊花,0.00031123763685719465,1294,43
1678535,我是哀子,0.000513074520431917,2985,15
281787,维多利加的饼干,0.0004280161670205066,2064,11
1842722,进击的free,0.00042081202918159595,3829,15
265950,非知名人士,0.0008999878558528493,14796,59
2887285,紫冥·殇,0.00025622966916566224,1140,4
41012,小猫咪,0.00042728421319025646,1170,283
908243,半支牙膏,0.0003366596543028452,1784,5
19919,百合花开,0.002046333674210797,39295,3929
26597,Magus,0.0025065678629044253,3387,1083
137008,火雨の妖精,0.00039116180344076986,1735,9
692654,谈情不说爱,0.0004771841000033631,1915,9
315834,雷米FF,0.001054401604534759,12898,56
314905,银河星屑,0.0006028427531120802,1034,696
757102,smalldiary,0.0005906973487025906,1126,11
339020,香菜由乃,0.00025622966826256715,2040,8
59948,高興帝,0.0014589961251246007,3747,229
903428,冰の羽翼,0.00026187385854036064,2002,145
846681,宿の魔·鬼鬼,0.00025622966826256715,1319,18
150718,脑残君945,0.00036706169588687597,1393,42
663792,tuhr123,0.0004915848834632282,1617,181
66461,小茄子猫,0.0004195487615526319,10544,141
3561052,我所有密码都是1234,0.00030638220978866,1634,5
295373,及川雫,0.000268199680247896,1278,115
183430,黑眼圈的滚滚,0.0003363865685930628,1175,201
496855,梦违世纪,0.0003749169955372395,1070,273
42924,面瘫店長,0.0004709728738623018,2180,170
446777,Konster阿怪君,0.0002952959220932035,1479,10
43861,三倍速法兰西,0.0022544222253732173,1843,7
579538,阿琴酱,0.0004805422883626937,19421,32
646007,8⑩3·X·切糕,0.0008222896432000954,10157,134
346059,M.呜喵,0.0017151492727365775,7550,31
136001,ldj7,0.00045472807104250635,4772,5146
328212,BoyChouChou,0.0005269636565652649,1457,27
774465,@节操无下限,0.00025622966826256715,1938,29
220881,布雷Bridge,0.0005603420634062615,1172,44
255468,doraiba,0.0014865067469923964,5750,76
94243,L猫,0.00036811556998430777,1806,73
288239,虐猫狂人薛定谔,0.005780909897954473,64973,149
186935,trance羯,0.0016315220998246829,13588,1175
Mizuhashi,Parsee,0.00025622966609405596,1488,361
424141,Orsuan,0.00025622966609405596,1709,277
2970476,依然小智障,0.0007367951343364861,6707,110
163791,她,0.0006696763789968885,1252,465
622863,千本露露,0.0010001176811092324,2828,23
113437,黄亦天,0.00045186740080085334,1438,18
890045,samuyi,0.0002562296625599775,2399,20
658969,卫宫切糕,0.0010779525669198226,1083,10
122879,敖厂长,0.0043988666642079234,152005,93
78201,雪霏岚岚,0.0012268272515356907,3443,48
100691,阿凌酱,0.0027969439943242255,3709,37
487708,唐乐林,0.0006570368643407664,1078,3
501345,白河琴美,0.000602110084760025,2274,902
149317,麒麟先生(´ω｀),0.0006006015612472525,1458,65
14355,灼眼の夏娜,0.0007631129214792751,2207,176
419220,神奇陆夫人,0.002877400873665243,62714,283
103835,Retoruto全力应援字幕组,0.002465238171711342,22103,214
591619,萱草江蓠,0.0007377843259799462,6408,49
136710,風啲終點,0.00037882691744060327,1760,1275
59359,常烦常乐,0.0017878516352105025,3841,165
277529,新月零犬,0.000980907293922892,7183,152
71104,LYDream,0.00026426106331269223,1118,32
13501,八月云天,0.0002562296255654733,1250,306
131621,风骚唐三藏,0.0002873226700656088,2455,100
684904,zrqhandsome,0.00025622962491345184,1217,78
477913,阿咦,0.00025622962491345184,2029,43
181960,风华黄泉,0.00026338531304122487,4108,147
2638774,maomao仓鼠妞,0.00031325579661723243,5216,2
290209,星天飞舞,0.00040617176879807076,2268,42
219909,人间凶器折叠椅,0.0017576965259371705,4420,91
165918,千亚酱,0.0012191216564891546,3292,72
208845,不爱梳头的NEET姬,0.0005438773728810196,2399,12
149016,萨米,0.0011020649382376658,1025,33
331334,杀弥生,0.000274886125205068,1613,125
596996,汪汪。,0.0009324990051888805,4075,16
1383048,七海爱衣,0.0005907860095661059,1285,4
206783,あゆ,0.0003454183035046332,1321,10
513692,Lotus。,0.0008643323828866152,10384,17
48928,卷毛,0.0005729153969944563,1756,202
329409,Liv,0.00028349613680302014,1856,13
2722124,好传动画,0.00025622962199347546,1132,13
2369724,镜音团子レン,0.0002738648698089509,2289,72
1325593,氺木子,0.0003810433280624097,2053,576
12018,WowO,0.0005515856572949179,3331,19
465446,落惜佳,0.00025980004310811444,1547,17
329932,麦之诗(Wheat-P),0.0035504115207587836,4403,9
378034,楽小漫,0.0011017029119620128,3266,10
461637,D8TV,0.0005109052544543256,21965,12
534128,harrymiao,0.0002562296214468905,1541,5
462835,蛋黄宅,0.000353740744890735,2792,7
99502,0o八汰乌鸦o0,0.0002605399746310463,1267,24
188951,绛舞乱丸,0.0003451710972957333,1169,16
157056,赛亚♂sya,0.0006530284230736999,3438,25
433715,布丁噗(｀･ω･´),0.0003033277703955881,3974,5
2162,GPBeta,0.00030781961614509325,4180,7
404292,豆狸的骨汤拉面,0.00036006381127909543,1121,21
24381,NOOB酱,0.004529388525544756,5231,21
525024,全开R,0.00033200188184506643,4432,18
4026341,秋庭怜子,0.0002562296207482877,1135,8
2284412,万合天宜,0.0033865906041696393,75271,42
379922,hyun310,0.0019597646303586916,2882,36
91860,天国的FC,0.0002844401138749644,1057,58
366314,夕寒君,0.00033475698353090447,9970,156
125343,菊花有点臭,0.00026703090555451876,1288,49
198264,然の然の子,0.000364578558444026,2887,7
196098,西野倉子,0.0004085436124949722,1025,55
381060,最后之歌,0.0003695033582347606,2166,7
20471,默云暖,0.00047402504547041236,2219,10
2007314,i-DoMain_MIKA,0.0004033129886295621,1719,3
167960,小明881,0.0003354897341590485,1887,14
218696,巴德,0.0003112665580051955,1498,34
326132,cloris,0.0010027082160857668,6183,9
558696,花归葬。,0.00034765014153224314,14653,171
833133,西瓜Kune,0.0004954106120133861,5771,33
925640,Q小君,0.0005399678337451138,26635,26
3020100,Misaya若风解说,0.0018451792264909332,47342,26
141489,MAD新人团,0.00037825805198683153,2198,21
450880,hi骨头,0.0002891783105925086,6875,25
269753,XIA-TC,0.0004408434056834841,1062,134
269947,艾莉蛋,0.00163833230371619,1779,23
70650,千葉雄大,0.0002960631634120192,1091,155
499621,宅男S君,0.0004502674907801745,1536,24
645477,A姬苍叶在我家,0.00027718842604468563,1955,75
622586,冰橙皇子,0.0004374839864157604,1607,15
29217,面包店的原来如此,0.0009744287725295432,1833,30
393310,涵Suzumiya,0.0006953642999392496,1643,14
928123,搬,0.000759838507841988,26158,1464
282994,泠鸢yousa,0.002558822259848775,18661,30
2519718,我真不是赫萝,0.0002794945317847556,1441,28
365702,墓碑上的蚂蚁,0.0002562295866220391,1616,58
294646,毛酱·现实坠落,0.0021778514846791056,1065,126
754507,无声_逝水,0.0002562295866220391,1108,30
348002,变色喵,0.0009168072275037006,4016,12
898248,文刀Chariot,0.0002783664054904725,7770,12
643403,DigiCat,0.001918941201358895,1679,3
103845,君一,0.0003922592890601356,1576,13
97087,にししししー,0.0014420546474202868,3115,506
164627,杆菌无敌,0.0007054630483274299,5058,245
617929,二三nisan,0.0004108111632207197,1193,9
1381718,雯籽Utako,0.0008314440443222456,2068,14
277258,问路於盲,0.00027840055131407717,1285,437
3670216,TF家族,0.0009388870948202206,10587,15
103083,@红茶税,0.00045064954676918496,3067,338
1744406,将将将动画,0.00028719013367468953,5638,18
35851,境界,0.00036148012845762547,1396,365
1613224,楚幽弦,0.0002562295804833071,1399,18
888465,暗猫の祝福,0.0007872879208082158,3567,5
607621,凑诗,0.0003335165106904031,1040,8
504706,Ws♂Tsuki,0.0003016019657600776,1288,36
2415390,伟大的空小空,0.0002927723670049754,2075,7
249118,shourei小N,0.001292245480094538,4987,42
743186,丸山inochi,0.0009077914770651737,1959,34
326725,Ishmael☆イシメル,0.000326739596492723,2713,3
2639866,奇迹云馨,0.00025622957979423087,1404,13
2228859,花卷好吃,0.0003384575933668563,2805,316
2740963,中二病滴我,0.0006018794556018616,11444,62
384762,BAichi君,0.00092042655276089,20198,44
131592,live-evil,0.0029586502754195038,2766,24
12278,平面,0.0005909902407442453,2186,119
58752,若虫,0.001666090472912301,4052,35
2019740,逆风笑,0.00031433796991984597,2492,68
69753,水无月轩,0.0002632552300944265,1129,18
27401,冴羽獠,0.0004894760873387981,1388,409
658904,Marioマリオ,0.0008798366251585081,5974,6
334299,零太,0.00030624965154141265,1407,67
320937,杏淫,0.000834398906469916,4369,49
123372,純白,0.0010394242000418277,2303,24
5965,电磁炉,0.00027166183639013497,2145,665
2138296,伊芙蕾雅SAMA,0.0002562295755304387,2831,6
386004,玛丽的对头,0.0007993874950605439,1076,85
67239,么西么西,0.00041789103923135025,6686,18
77279,坑爹呢这是！,0.0002665149967694366,2813,1124
70666,舍长驾到,0.0003180746344788286,8579,134
908383,撸大师·木源,0.0003625812921367754,5453,10
1431604,Little朔北,0.0003239212365595921,2219,12
139905,猫大可,0.002666705769160328,27764,34
355075,赤狐ルル,0.00035519151723150023,1171,9
60783,FCSMio,0.0006193374754872599,1223,13
3354223,soulonly,0.00030638211650266706,1931,7
375541,掌心の羁绊,0.0007653452730637668,1776,60
140964,UHI,0.0007445498072951344,1309,8
323110,零点生化,0.0005153921231465587,2106,141
722871,满天灰尘,0.0002707492715828064,1010,236
168937,燼陽公子,0.0002562295749765743,1055,24
460795,Whatt,0.0004885165690059336,1333,27
727025,纯芥黑,0.0002621468325719821,2298,32
640050,七晴萌货,0.0004510137840103137,3287,41
545084,雷涟漪,0.0002790212504315994,2045,5
197864,丝西娜,0.005800363326431868,38028,43
58426,残星什么的就是残星,0.0007850779741497793,4377,772
11931,爱妻の忠犬斯大林,0.000674077288624479,1841,311
2059591,性巴莎拉,0.0020295804076047833,29196,7
6196,H娘,0.002078872685362981,2674,859
702948,小受C零酱,0.0005485091281654227,9819,58
22781,Co视,0.00027201594546499125,1721,67
113252,sleepydragon,0.00025622956269559933,1267,139
315975,蒙奇「D」路飞,0.0007031664287806395,3093,10
467809,雅塔,0.00044754745113586897,1643,16
57862,アイリス,0.0003081740618070632,1318,32
40606,甜食,0.00040540909402973844,1080,14
893053,夏一可,0.000538306822560592,3342,19
338369,闇舞天岚,0.00033234602272116633,2888,39
395829,Hollygarden,0.0005170376481501285,1449,18
25753,鱼炒饭,0.0019256381460087402,8105,174
65830,草摩里纱,0.0003417065215959174,1534,6
2648,河童子,0.0051925592847981835,10817,182
379803,哲学♂跳蝻,0.001087454717728328,5556,62
301499,凤凰院喵喵,0.0003082849478000523,1166,15
156160,菊子桑,0.001329502395308317,21881,17
246511,大酱柄,0.0006720681073667432,2602,68
489636,CJ他家,0.00030002738682739663,2249,36
180671,彼岸花开成海,0.0006640331668747512,1553,20
204541,散华礼弥酱,0.00036779855281228956,1940,268
89294,弓塚☆五月,0.0008984956055920211,2200,38
194417,saturn6,0.0002844443618161418,2641,183
163478,你好绝命医生,0.0003189550040241463,1663,14
346232,铁锹铁锹铁锹,0.0002562295597518195,1324,90
201448,忘川の泉眼,0.0003043190853723552,5566,12
546195,老番茄,0.003303711382994562,101783,28
845105,DisonER,0.00029426233539084075,2839,117
448495,aass菌,0.0002677744803897883,1575,58
34669,ＸｉａｏＡ,0.00042454083705330584,1217,283
937645,油卡喵,0.0006402543795709,1118,11
7222,此用户不存在,0.00027937411546963536,1014,319
2230210,倒不了的塔,0.0005213732055584204,9060,22
14082,山新,0.0005023876395723204,1567,1
183549,鸭梨馅的大包子,0.0004185407080468343,2292,666
4013861,烤鸡鸡动漫,0.00026051415188831377,3963,1
933396,ElisElephant,0.0002834270443223589,1010,6
54711,师酱,0.001303823009273376,3057,27
284120,Marblue,0.0021480428967236976,3000,15
500818,东城绫的忧郁,0.0009134789780422283,5166,13
68559,BiLiBiLi娘,0.0010266422605787907,7131,8
358422,superwbd,0.0003492762694332898,1684,74
284114,JK峰,0.0005937075007989609,16753,41
893213,雪洒竹林,0.0005945685010821883,3849,308
88358,以太,0.002536344474615706,15547,47
534608,上杉,0.0003634130795623844,1046,35
275981,小绝,0.00027080845082643357,2738,17
52363,cheeseharry,0.008793283431974448,6867,13
